X,Original Data,Filtered Data,Fitted Data
0.0,-0.005604705996827552,0.01162080535521109,0.01162080535521109
0.00101010101010101,0.0068714906617522945,0.015055730767753201,0.01608432399585139
0.00202020202020202,0.0011782150754665339,0.018531682468166773,0.02054784263649169
0.0030303030303030303,0.016558293825384762,0.02170565438077322,0.025011361277131987
0.00404040404040404,0.02490313058599766,0.02543281453042409,0.029474879917772284
0.00505050505050505,0.036082972601003425,0.029474879917772284,0.029474879917772284
0.006060606060606061,0.0326857689936214,0.03344041621952825,0.03469542230885139
0.007070707070707071,0.04060534616221642,0.03834025774663454,0.0399159646999305
0.00808080808080808,0.03491596663257221,0.04276086850516032,0.04513650709100961
0.00909090909090909,0.041894575645484274,0.04736585091761762,0.05035704948208872
0.0101010101010101,0.050291506529781226,0.05252290822537749,0.055577591873167825
0.011111111111111112,0.048547728418505486,0.05746022859800433,0.060798134264246934
0.012121212121212121,0.07339857849164097,0.06294682834500473,0.06601867665532604
0.013131313131313131,0.07434218311268473,0.06745871496755929,0.07123921904640515
0.014141414141414142,0.06739664799312059,0.07310959990481143,0.07645976143748426
0.015151515151515152,0.08011997744514254,0.07848435734512628,0.08168030382856337
0.01616161616161616,0.08736279791218082,0.08372035148721281,0.08690084621964247
0.01717171717171717,0.08560262894355976,0.08768734704955453,0.09212138861072158
0.01818181818181818,0.10709164912661705,0.09225632975915475,0.09734193100180069
0.01919191919191919,0.09606934144926534,0.09755178323749282,0.1025624733928798
0.0202020202020202,0.10030988948969037,0.10281772245291129,0.10778301578395891
0.021212121212121213,0.11300761208164946,0.10736524289301937,0.11300355817503802
0.022222222222222223,0.10795366257359004,0.11247819839100985,0.11822410056611712
0.023232323232323233,0.12058708818418148,0.11822410056611712,0.11822410056611712
0.024242424242424242,0.11064488298050715,0.12193933223189926,0.1246187506054826
0.025252525252525252,0.13114856863226587,0.12725826330036155,0.13101340064484807
0.026262626262626262,0.1401777149526264,0.13302721430940825,0.13740805068421355
0.02727272727272727,0.1453309958539879,0.13740805068421355,0.13740805068421355
0.028282828282828285,0.12732387053486274,0.14288619711311815,0.14242862934423126
0.029292929292929294,0.1377723713144268,0.1482988013664234,0.14744920800424896
0.030303030303030304,0.16240077616399196,0.15224798435857084,0.15246978666426667
0.031313131313131314,0.15603256858719666,0.156733011492057,0.1574903653242844
0.03232323232323232,0.14648754576797013,0.1619643082879962,0.1625109439843021
0.03333333333333333,0.1678894829835628,0.16620806384932402,0.1675315226443198
0.03434343434343434,0.18070347844597276,0.1718614081931892,0.1725521013043375
0.03535353535353535,0.1588489068046298,0.1765223400517261,0.17757267996435522
0.03636363636363636,0.19667759768731752,0.18125449369336283,0.18259325862437292
0.03737373737373737,0.20008252120119466,0.18677388042510704,0.18761383728439063
0.03838383838383838,0.1808792140656642,0.19127800856129729,0.19263441594440833
0.03939393939393939,0.2133601657769861,0.19599132604468253,0.19765499460442604
0.0404040404040404,0.21009252676958035,0.20191173100290824,0.20267557326444374
0.04141414141414142,0.19792285794600797,0.20653437109246028,0.20769615192446148
0.04242424242424243,0.19922496551944716,0.21140913744811685,0.21271673058447918
0.043434343434343436,0.22062971579629248,0.2165076344112535,0.21773730924449688
0.044444444444444446,0.21061398999218942,0.22251079889326894,0.2227578879045146
0.045454545454545456,0.23798058248248874,0.22731564866473516,0.2277784665645323
0.046464646464646465,0.22778852093052993,0.23194976164432915,0.23279904522455003
0.047474747474747475,0.2194844167381519,0.23850084565373425,0.23781962388456773
0.048484848484848485,0.25809446346238285,0.24277102297953523,0.24284020254458544
0.049494949494949494,0.24377266208500267,0.2479201384688127,0.24786078120460314
0.050505050505050504,0.2537372979718486,0.2535016665655732,0.25288135986462085
0.051515151515151514,0.2634931845740541,0.25859339498432565,0.25790193852463855
0.052525252525252523,0.24409309337412358,0.26257149781762124,0.26292251718465626
0.05353535353535353,0.2745204023440926,0.26793495527802774,0.26794309584467396
0.05454545454545454,0.27329799873934,0.2731581663766165,0.27296367450469167
0.05555555555555555,0.28456032885432675,0.2785395331320352,0.2779842531647094
0.05656565656565657,0.2784010277272843,0.2841739735234934,0.28300483182472713
0.05757575757575758,0.2872880769766364,0.2886318675165553,0.28802541048474484
0.05858585858585859,0.30952383902094593,0.2929171162142107,0.29304598914476254
0.0595959595959596,0.2948916761807404,0.2992079671440496,0.29806656780478025
0.06060606060606061,0.31851217745457594,0.3031875077314135,0.30308714646479795
0.06161616161616162,0.3092543602911564,0.30762125497647835,0.30810772512481566
0.06262626262626263,0.33046991940829235,0.31256251235919663,0.31312830378483336
0.06363636363636363,0.30158889193537874,0.3167924617521047,0.31814888244485107
0.06464646464646465,0.3212823795353566,0.3217945425052201,0.32316946110486877
0.06565656565656566,0.31935882078698924,0.326083873401895,0.3281900397648865
0.06666666666666667,0.3444011511709231,0.3299751375392999,0.3332106184249042
0.06767676767676768,0.3402061189957269,0.3355843440894671,0.3382311970849219
0.06868686868686869,0.34051214432291216,0.3414022222192327,0.3432517757449396
0.0696969696969697,0.3263492409766037,0.3464653522616517,0.3482723544049573
0.0707070707070707,0.3641739881244474,0.3511543480357186,0.353292933064975
0.07171717171717172,0.3496238969717527,0.35647480893069067,0.3583135117249927
0.07272727272727272,0.34574884872149475,0.3603125325247166,0.3633340903850104
0.07373737373737374,0.36738621777436853,0.3644671669601236,0.3683546690450281
0.07474747474747474,0.36078202061094017,0.368325210252765,0.3733752477050458
0.07575757575757576,0.3591409506957777,0.3741414281031837,0.3783958263650635
0.07676767676767676,0.373175012967615,0.3790469406906601,0.38341640502508123
0.07777777777777778,0.36279707389965327,0.38458287128621393,0.38843698368509894
0.07878787878787878,0.41357207950816977,0.3894389541852089,0.39345756234511664
0.0797979797979798,0.41221222471189384,0.3949910568349996,0.39847814100513435
0.0808080808080808,0.40374006795227424,0.4000863093193549,0.40349871966515205
0.08181818181818182,0.41737074182448336,0.40608793429823725,0.40851929832516976
0.08282828282828283,0.41726227676509736,0.41063894362989356,0.41353987698518746
0.08383838383838384,0.4067798201171744,0.4161467972467334,0.4185604556452053
0.08484848484848485,0.4048109523055172,0.4221425366879049,0.423581034305223
0.08585858585858586,0.4192049151390436,0.4268290201767437,0.4286016129652407
0.08686868686868687,0.4353619024950087,0.4332978662504345,0.4336221916252584
0.08787878787878788,0.43410916904731417,0.4390414135260694,0.4386427702852761
0.08888888888888889,0.44668522448473064,0.4445515860406459,0.4436633489452938
0.0898989898989899,0.45609105784780707,0.45081671304922366,0.4486839276053115
0.09090909090909091,0.4679044799409115,0.4551526941431741,0.4537045062653292
0.09191919191919191,0.45770295146308415,0.4592689750280691,0.4587250849253469
0.09292929292929293,0.4643866154908971,0.46321946418303483,0.4637456635853646
0.09393939393939393,0.46884720275254327,0.46664637515419793,0.4687662422453823
0.09494949494949495,0.47630453015906726,0.47003446279780964,0.47378682090540003
0.09595959595959595,0.48365085586844053,0.47378682090540003,0.47378682090540003
0.09696969696969697,0.4751753380176602,0.47679976955121967,0.473919676083463
0.09797979797979799,0.5095654803058297,0.48030444234197744,0.4740525312615261
0.09898989898989899,0.4912425380353814,0.4830152619982456,0.4741853864395891
0.1,0.4999089808028733,0.4862442084665094,0.47431824161765207
0.1,0.5068949950969428,0.48852901167871626,0.4744510967957151
0.10101010101010102,0.5132996446690272,0.49100311894304655,0.4745839519737781
0.10202020202020202,0.506886685064481,0.49210903476830714,0.4747168071518411
0.10303030303030304,0.49460131851648476,0.49327570288374156,0.4748496623299041
0.10404040404040404,0.496189694161235,0.4953764279369598,0.47498251750796716
0.10505050505050506,0.4951882925681658,0.49755732923116236,0.47511537268603016
0.10606060606060606,0.49308405659175236,0.49868493461477514,0.47524822786409315
0.10707070707070708,0.4741087711593687,0.49905539888417516,0.4753810830421562
0.10808080808080808,0.4998123893264741,0.5007442855498234,0.4755139382202192
0.1090909090909091,0.497710754589177,0.49948188542745736,0.4756467933982822
0.1101010101010101,0.5083749378173816,0.49980915151386146,0.47577964857634525
0.11111111111111112,0.499235698365488,0.5000924005546471,0.47591250375440824
0.11212121212121212,0.512995524927404,0.4999890730934112,0.47604535893247124
0.11313131313131314,0.49334054392190535,0.49891830116073305,0.4761782141105343
0.11414141414141415,0.4845363181180762,0.49787922835408127,0.4763110692885973
0.11515151515151516,0.5127032917149148,0.4987251495029119,0.4764439244666603
0.11616161616161616,0.5190079325192036,0.49842273091213857,0.4765767796447233
0.11717171717171718,0.5022394539821597,0.4987393429259747,0.47670963482278633
0.1181818181818182,0.49217153406464276,0.498802552004475,0.47684249000084933
0.1191919191919192,0.5140197313275706,0.5003218117637607,0.4769753451789123
0.1202020202020202,0.48053027749140853,0.5008581274741932,0.4771082003569754
0.12121212121212122,0.4987696580226761,0.5014495307505268,0.47724105553503837
0.12222222222222223,0.5064237087409427,0.5009875707876822,0.47737391071310137
0.12323232323232323,0.5045184634885184,0.500069893055138,0.4775067658911644
0.12424242424242425,0.4886718902174282,0.4994980641461978,0.4776396210692274
0.12525252525252525,0.48298801051149043,0.499847576397699,0.4777724762472904
0.12626262626262627,0.5140575049395891,0.4996909761445823,0.4779053314253534
0.1272727272727273,0.48923406657344753,0.4999023265994392,0.47803818660341646
0.12828282828282828,0.5024703688863974,0.49892559756338967,0.47817104178147946
0.1292929292929293,0.4945378653972597,0.49794547410891615,0.47830389695954245
0.1303030303030303,0.5090517456229394,0.49767273212306623,0.4784367521376055
0.13131313131313133,0.5121476506664244,0.4969127996406078,0.4785696073156685
0.13232323232323234,0.5113130299448493,0.49819732765142294,0.4787024624937315
0.13333333333333333,0.49774985867195676,0.4986777027565043,0.47883531767179455
0.13434343434343435,0.47812911051697043,0.49889090484982856,0.47896817284985754
0.13535353535353536,0.49984346002177743,0.4991977639525665,0.47910102802792054
0.13636363636363635,0.501379325706433,0.4998113667857057,0.4792338832059836
0.13737373737373737,0.4809345122963932,0.5010285810740811,0.4793667383840466
0.1383838383838384,0.5175643521766224,0.4995656742653668,0.4794995935621096
0.1393939393939394,0.4965431646900655,0.5000630740659249,0.47963244874017263
0.14040404040404042,0.47969661452927004,0.4995616230220669,0.47976530391823563
0.14141414141414144,0.4858984683900936,0.49867110748617266,0.4798981590962986
0.14242424242424243,0.49654128423102734,0.4980041252356289,0.4800310142743616
0.14343434343434344,0.5100744217401567,0.49740049029398314,0.4801638694524247
0.14444444444444446,0.5098182854395469,0.4967210942856117,0.48029672463048767
0.14545454545454545,0.5113273568873997,0.4966055538041025,0.48042957980855067
0.14646464646464646,0.5115762228514917,0.49689689099517687,0.4805624349866137
0.14747474747474748,0.5027847553796292,0.49689154610454467,0.4806952901646767
0.1484848484848485,0.5109839391441263,0.49716320077416715,0.4808281453427397
0.14949494949494951,0.4804106483391601,0.4982639868305534,0.48096100052080276
0.1505050505050505,0.5006742619862831,0.4971357390197662,0.48109385569886576
0.15151515151515152,0.49093699487766485,0.49696099590523174,0.48122671087692875
0.15252525252525254,0.4740560080716917,0.4971033674668827,0.48135956605499175
0.15353535353535352,0.4937111538604322,0.4976764254287659,0.4814924212330548
0.15454545454545454,0.4982640470085715,0.4981017042264498,0.4816252764111178
0.15555555555555556,0.4956869217523044,0.4977594626746372,0.4817581315891808
0.15656565656565657,0.49509242759724703,0.49787442570588597,0.48189098676724385
0.1575757575757576,0.48482986591167865,0.49738119175879686,0.48202384194530684
0.1585858585858586,0.4997205275372384,0.4976194048723121,0.48215669712336984
0.1595959595959596,0.5076273831077472,0.4970134596536688,0.4822895523014329
0.1606060606060606,0.5062525915932817,0.4964910041742885,0.4824224074794959
0.16161616161616163,0.49161465252851555,0.49807703908293377,0.4825552626575589
0.16262626262626262,0.49252407305577456,0.4974306985606534,0.48268811783562193
0.16363636363636364,0.48297116044724087,0.4973048485818677,0.48282097301368493
0.16464646464646465,0.49907880151340756,0.4984687116785926,0.4829538281917479
0.16565656565656567,0.5063226965777583,0.4988854982324974,0.4830866833698109
0.16666666666666669,0.5022028660484671,0.498758136663149,0.483219538547874
0.1676767676767677,0.5124624351582666,0.49920925067238925,0.48335239372593697
0.1686868686868687,0.4999829761043506,0.5000667380859608,0.48348524890399996
0.1696969696969697,0.5170551244623411,0.49986863948057525,0.483618104082063
0.1707070707070707,0.4888480153508317,0.49966588377252813,0.483750959260126
0.1717171717171717,0.4989674631183793,0.49971007736404977,0.483883814438189
0.17272727272727273,0.5168894512380028,0.49893222127178605,0.48401666961625206
0.17373737373737375,0.48580842997383333,0.4992463061411755,0.48414952479431506
0.17474747474747476,0.48804244536559305,0.4998858575180118,0.48428237997237805
0.17575757575757578,0.5008248592963638,0.500580109985419,0.4844152351504411
0.17676767676767677,0.5032972446002446,0.5013752379783848,0.4845480903285041
0.17777777777777778,0.4953347309135606,0.5014372812509607,0.4846809455065671
0.17878787878787877,0.5060625439648307,0.5009284478124117,0.4848138006846301
0.1797979797979798,0.5148146381093909,0.5004793962316062,0.48494665586269314
0.1808080808080808,0.4802735979878116,0.500131619719061,0.48507951104075614
0.18181818181818182,0.49505714625215486,0.4994031829228715,0.48521236621881914
0.18282828282828284,0.5086438357127469,0.4999789644709505,0.4853452213968822
0.18383838383838386,0.488361901471216,0.5008943566828676,0.4854780765749452
0.18484848484848487,0.4988386045244719,0.49967870921207275,0.4856109317530082
0.18585858585858586,0.5072337547230091,0.5005956818358946,0.48574378693107123
0.18686868686868688,0.498938967197607,0.5017695189969698,0.4858766421091342
0.18787878787878787,0.5173667453516196,0.5008596835326083,0.4860094972871972
0.18888888888888888,0.507749691847004,0.5006027344699886,0.4861423524652603
0.1898989898989899,0.49049969696184315,0.5006589872137786,0.48627520764332327
0.19090909090909092,0.5021342487997383,0.5002958518322889,0.48640806282138627
0.19191919191919193,0.4919841163158102,0.49922776666365826,0.48654091799944926
0.19292929292929295,0.5003010781499835,0.4998784113183895,0.4866737731775123
0.19393939393939394,0.5020909909566468,0.5007834306638882,0.4868066283555753
0.19494949494949496,0.5200214839924723,0.50069670630953,0.4869394835336383
0.19595959595959594,0.48892955940972055,0.5015521945013025,0.48707233871170136
0.19696969696969696,0.5068988003217355,0.5015792617018192,0.48720519388976435
0.19797979797979798,0.5150407000703219,0.5018924675622941,0.48733804906782735
0.198989898989899,0.47989864361604906,0.5015340919955849,0.4874709042458904
0.2,0.49738741615999094,0.5011518531127268,0.4876037594239534
0.20101010101010103,0.4966285440207303,0.5010274043066246,0.4877366146020164
0.20202020202020204,0.4977104301905691,0.5018280062912666,0.4878694697800794
0.20303030303030303,0.4902486792308864,0.5011785002466919,0.48800232495814244
0.20404040404040405,0.4952384250466318,0.5014668641740618,0.48813518013620544
0.20505050505050504,0.5158725911986268,0.500852907635398,0.48826803531426843
0.20606060606060606,0.506649175562508,0.5010075618532841,0.4884008904923315
0.20707070707070707,0.5080381298819812,0.49974945184458774,0.4885337456703945
0.2080808080808081,0.4994611501363568,0.500250003792099,0.4886666008484575
0.2090909090909091,0.514437489513935,0.4995395659520799,0.48879945602652053
0.21010101010101012,0.4906963291632909,0.4997248821178218,0.4889323112045835
0.2111111111111111,0.5085752510458841,0.5004220828988347,0.4890651663826465
0.21212121212121213,0.5048873693066561,0.5004790506770067,0.4891980215607096
0.21313131313131314,0.5089135426086054,0.5006673208451037,0.48933087673877257
0.21414141414141413,0.4871956097745223,0.5018492529425391,0.48946373191683556
0.21515151515151515,0.49861648664532215,0.5028752610554864,0.4895965870948986
0.21616161616161617,0.48618007776071204,0.503466677158829,0.4897294422729616
0.21717171717171718,0.5056480379680237,0.5023556153053234,0.4898622974510246
0.2181818181818182,0.49108495379245753,0.5026824930289533,0.4899951526290876
0.21919191919191922,0.5004422542024812,0.5021605052587534,0.49012800780715066
0.2202020202020202,0.4905587300012943,0.5021281560170655,0.49026086298521365
0.22121212121212122,0.5193029718823853,0.5008876932269443,0.49039371816327665
0.2222222222222222,0.4959342615793446,0.5005803655935163,0.4905265733413397
0.22323232323232323,0.49869767505794665,0.5000153821265058,0.4906594285194027
0.22424242424242424,0.5009587578869622,0.5000221945274744,0.4907922836974657
0.22525252525252526,0.5248948684315828,0.49906241092312403,0.49092513887552874
0.22626262626262628,0.5138468658286733,0.4993807277508077,0.49105799405359174
0.22727272727272727,0.5088409954235134,0.4992714548687053,0.49119084923165474
0.22828282828282828,0.49031816856799476,0.5002303508912105,0.49132370440971773
0.2292929292929293,0.5141673632059988,0.4996966203396074,0.4914565595877808
0.23030303030303031,0.49603241116738317,0.500563160632577,0.4915894147658438
0.23131313131313133,0.4987171175775368,0.5001216654519683,0.4917222699439068
0.23232323232323232,0.48590684534114426,0.5009724571172456,0.4918551251219698
0.23333333333333334,0.4836277935944498,0.500031369562961,0.4919879803000328
0.23434343434343435,0.49558063130464014,0.499603830731869,0.4921208354780958
0.23535353535353537,0.5050440545289357,0.49957292851104823,0.49225369065615887
0.23636363636363636,0.48683851970854936,0.4997846236583076,0.49238654583422187
0.23737373737373738,0.4945168968112468,0.49905989520089733,0.49251940101228486
0.2383838383838384,0.49610321035696303,0.4985070400103705,0.4926522561903479
0.2393939393939394,0.5082346862783358,0.49781349916384754,0.4927851113684109
0.2404040404040404,0.4933722352811489,0.4979654980217434,0.4929179665464739
0.24141414141414141,0.5110153805307613,0.49775338639807665,0.4930508217245369
0.24242424242424243,0.4902878650484825,0.4974201872226877,0.49318367690259995
0.24343434343434345,0.5101269383026699,0.49825781711050926,0.49331653208066295
0.24444444444444444,0.49765795813383856,0.49881598266152477,0.49344938725872595
0.24545454545454545,0.48610086846423073,0.4994847226540539,0.493582242436789
0.24646464646464647,0.4979869239790667,0.4986240850730443,0.493715097614852
0.2474747474747475,0.5058277462739282,0.49829917499835236,0.493847952792915
0.2484848484848485,0.5082261139111486,0.4981056295100315,0.49398080797097804
0.2494949494949495,0.5011311964465546,0.49889630531735896,0.49411366314904104
0.2505050505050505,0.49288955595348466,0.4990965434129462,0.49424651832710403
0.2515151515151515,0.4938141422996002,0.498603326775409,0.49437937350516703
0.25252525252525254,0.5092887958616648,0.4989825261492974,0.4945122286832301
0.2535353535353535,0.4883688301334396,0.4980216132901641,0.4946450838612931
0.2545454545454545,0.5179826049974314,0.4987261958187141,0.4947779390393561
0.25555555555555554,0.4987446530145012,0.497760225578665,0.4949107942174191
0.25656565656565655,0.49900881342261916,0.49734653023559117,0.4950436493954821
0.25757575757575757,0.4757859669414151,0.49762554389615093,0.4951765045735451
0.2585858585858586,0.497571122811022,0.49770624991621204,0.49530935975160817
0.2595959595959596,0.4823869734771695,0.4964672678756795,0.49544221492967117
0.2606060606060606,0.5127024403797784,0.49544221492967117,0.49544221492967117
0.26161616161616164,0.5007086865554687,0.4955192414608916,0.49604785177278554
0.26262626262626265,0.49689070361498083,0.4959675767241314,0.4966534886159
0.26363636363636367,0.5020938208805825,0.4966534886159,0.4966534886159
0.2646464646464647,0.4889143847706986,0.4966127842894532,0.49674123263607933
0.2656565656565657,0.5064932632051322,0.49678963071809373,0.49682897665625875
0.26666666666666666,0.4879096227815401,0.4958974705268844,0.4969167206764381
0.2676767676767677,0.48814296524314044,0.49514987782555503,0.49700446469661747
0.2686868686868687,0.4925181826571027,0.49518809974933736,0.4970922087167969
0.2696969696969697,0.4998431624404716,0.49668998391073793,0.49717995273697624
0.2707070707070707,0.47733115934168285,0.49717995273697624,0.49717995273697624
0.2717171717171717,0.484649896152958,0.497748769433336,0.4971854402294057
0.2727272727272727,0.5029028066646242,0.4971854402294057,0.4971854402294057
0.2737373737373737,0.5032012670079979,0.49735695068142977,0.49735695068142977
0.27474747474747474,0.5095901158102784,0.49715061539752603,0.49715061539752603
0.27575757575757576,0.5083525963533887,0.4966844377889612,0.4966844377889612
0.2767676767676768,0.49243629799217353,0.4976455052821225,0.4976455052821225
0.2777777777777778,0.49746292059961456,0.49694492418578645,0.4976178986787876
0.2787878787878788,0.4815500208839253,0.4976932083596803,0.4975902920754527
0.2797979797979798,0.49988791766961493,0.4975902920754527,0.4975902920754527
0.28080808080808084,0.5103293026536263,0.498296428027835,0.4984010322923136
0.28181818181818186,0.5088404058145032,0.4982693401930353,0.4992117725091744
0.2828282828282829,0.4954697574934442,0.4992117725091744,0.4992117725091744
0.28383838383838383,0.4997458686893808,0.5000408719907917,0.499416841884017
0.28484848484848485,0.504653426952023,0.49909415370784965,0.49962191125885963
0.28585858585858587,0.49214499208519485,0.49905161823775424,0.49982698063370223
0.2868686868686869,0.4913717358835918,0.49912295266139156,0.5000320500085449
0.28787878787878785,0.5110189371134087,0.49872896644507614,0.5002371193833874
0.28888888888888886,0.49037989798940246,0.49897381628678217,0.50044218875823
0.2898989898989899,0.5051201587810982,0.49965792147014726,0.5006472581330726
0.2909090909090909,0.485775890705906,0.5006472581330726,0.5006472581330726
0.2919191919191919,0.5087593095618956,0.5011485505150771,0.5022220380663053
0.29292929292929293,0.49922014224007777,0.5015029351891215,0.5037968179995379
0.29393939393939394,0.49900710261288284,0.5020917608698034,0.5053715979327704
0.29494949494949496,0.5037191842301572,0.5031059995273133,0.506946377866003
0.295959595959596,0.48112828615695546,0.5045429261628782,0.5085211577992357
0.296969696969697,0.5022229511958033,0.5060702262460426,0.5100959377324683
0.297979797979798,0.5112308075539354,0.5086285920405732,0.5116707176657008
0.29898989898989903,0.4992909133781354,0.5101159624101586,0.5132454975989335
0.3,0.4980678443514103,0.5117302613250717,0.5148202775321661
0.3,0.5131973398170122,0.5148202775321661,0.5148202775321661
0.30100502512562816,0.5043047641312088,0.5169616972720043,0.5187751355126035
0.30201005025125627,0.511417642455718,0.5205286781773789,0.522729993493041
0.30301507537688444,0.5184801501566467,0.5229036656853215,0.5266848514734783
0.30402010050251255,0.5223833964701883,0.5268251875576019,0.5306397094539157
0.3050251256281407,0.5187972466161718,0.5304278059911871,0.5345945674343531
0.3060301507537688,0.5327951813073751,0.5343769360389096,0.5385494254147906
0.307035175879397,0.5397813288648025,0.5384480405934641,0.5425042833952279
0.3080402010050251,0.5509874053594018,0.5425042833952279,0.5425042833952279
0.30904522613065327,0.5255812543840525,0.5465010299724407,0.5465010299724407
0.3100502512562814,0.5481478121564138,0.551288771173067,0.551288771173067
0.31105527638190955,0.5614502707525737,0.5562690416364471,0.5562690416364471
0.31206030150753766,0.5543728127973776,0.5610033041509354,0.5629892596790376
0.31306532663316583,0.5678164515295218,0.5663219676971473,0.5697094777216279
0.31407035175879394,0.5633840222445761,0.5711971429626538,0.5764296957642184
0.3150753768844221,0.5894151453025243,0.5764296957642184,0.5764296957642184
0.3160804020100502,0.5818673265853422,0.5808534116027911,0.5824734637460155
0.3170854271356784,0.5945491753277736,0.5866863160799209,0.5885172317278125
0.3180904522613065,0.5747636909117093,0.5915057843100728,0.5945609997096095
0.31909547738693467,0.5955165356363711,0.5965238917429055,0.6006047676914065
0.32010050251256283,0.6031559788298294,0.6011484309268511,0.6066485356732035
0.32110552763819095,0.609408960992541,0.6066485356732035,0.6066485356732035
0.32211055276381906,0.6126140650091533,0.6123844116272048,0.612585676434479
0.3231155778894472,0.6220853776502413,0.6172705442098675,0.6185228171957544
0.3241206030150754,0.6266340256940833,0.6224515312805468,0.6244599579570299
0.3251256281407035,0.6235466735623679,0.6284580199112829,0.6303970987183054
0.32613065326633167,0.6388288645926342,0.6336442123931726,0.6363342394795808
0.3271356783919598,0.6241288607573614,0.6382494415528994,0.6422713802408563
0.32814070351758795,0.6529540495901577,0.6422713802408563,0.6422713802408563
0.32914572864321606,0.6436429506008664,0.6471912150662514,0.64913424827378
0.33015075376884423,0.6551977998199559,0.6521827331712713,0.6559971163067037
0.33115577889447234,0.6573518065901477,0.6574347108012282,0.6628599843396273
0.3321608040201005,0.6520836635501559,0.6628599843396273,0.6628599843396273
0.3331658291457286,0.6800729590984436,0.6673392984587174,0.6678146133862792
0.3341708542713568,0.673831320153816,0.6723747760455379,0.672769242432931
0.3351758793969849,0.6735355154230004,0.6763026361944676,0.6777238714795829
0.33618090452261307,0.7059656900364532,0.680413310642621,0.6826785005262348
0.3371859296482412,0.6826664493280388,0.6867562205488265,0.6876331295728866
0.33819095477386935,0.6953354159762395,0.6910939901290412,0.6925877586195385
0.33919597989949746,0.6743719164083529,0.6978824276400311,0.6975423876661903
0.3402010050251256,0.7077053763118621,0.7012276520007498,0.7024970167128421
0.3412060301507538,0.6895686073271653,0.7062857693708837,0.707451645759494
0.3422110552763819,0.7163120211253792,0.7110391669089672,0.7124062748061458
0.34321608040201,0.727937270213012,0.7149967754592453,0.7173609038527977
0.3442211055276382,0.712433185731613,0.7195713686299302,0.7223155328994496
0.34522613065326635,0.7284300495060235,0.72380308172709,0.7272701619461014
0.34623115577889446,0.7124261610756253,0.7279688104421104,0.7322247909927533
0.34723618090452263,0.7211795380016115,0.7337415119485476,0.7371794200394051
0.34824120603015074,0.7694336014050964,0.737417420880938,0.742134049086057
0.3492462311557789,0.738597564937569,0.7424785762707182,0.7470886781327088
0.350251256281407,0.7802629235101326,0.7467430355322734,0.7520433071793606
0.3512562814070352,0.7298942098866871,0.7531557027114821,0.7569979362260125
0.3522613065326633,0.7599796501139447,0.7569979362260125,0.7569979362260125
0.35326633165829147,0.7645259431958772,0.7628024023638096,0.7632851392311868
0.3542713567839196,0.7483768032465449,0.7677928496025047,0.7695723422363611
0.35527638190954774,0.7572993064759053,0.7722052086701755,0.7758595452415353
0.35628140703517586,0.7774023603331159,0.7774653470587987,0.7821467482467096
0.357286432160804,0.7696430805992869,0.7821467482467096,0.7821467482467096
0.35829145728643214,0.8063076500710539,0.7881524898549914,0.7881524898549914
0.3592964824120603,0.7905115954814323,0.7943104587566558,0.7941567740254784
0.3603015075376884,0.7990730232929882,0.7981032840878725,0.8001610581959652
0.3613065326633166,0.7934179789920082,0.8037971287501967,0.8061653423664521
0.36231155778894475,0.8218632615301521,0.8076695106422599,0.8121696265369389
0.36331658291457286,0.7960767471460632,0.8134362928370752,0.8181739107074258
0.364321608040201,0.8230713284964994,0.8181739107074258,0.8181739107074258
0.36532663316582914,0.8310923076153665,0.8223801422800199,0.8283030557698514
0.3663316582914573,0.8294215287694376,0.8283030557698514,0.8283030557698514
0.3673366834170854,0.8334163686699471,0.8338570137213127,0.8328723572150515
0.36834170854271353,0.8361022768279756,0.8393359492051625,0.8374416586602516
0.3693467336683417,0.8505582180661079,0.8445768531811473,0.8420109601054517
0.37035175879396987,0.8628128227398888,0.8485654892606087,0.8465802615506518
0.371356783919598,0.8566685840230804,0.8550926238527828,0.8511495629958519
0.37236180904522614,0.8695559921710261,0.8597124636169574,0.8557188644410519
0.37336683417085426,0.869327707027588,0.8650195214295617,0.8602881658862521
0.3743718592964824,0.8625302003674363,0.8698336400399552,0.8648574673314522
0.37537688442211053,0.8689448611320159,0.8757954768330994,0.8694267687766523
0.3763819095477387,0.8612692693655394,0.8808260208798854,0.8739960702218523
0.3773869346733668,0.8846038135126677,0.8862867374866801,0.8785653716670525
0.378391959798995,0.8850403393595114,0.8907789296706153,0.8831346731122526
0.3793969849246231,0.9034178764616642,0.8962568141302686,0.8877039745574526
0.38040201005025126,0.8901838720469374,0.9015575306745913,0.8922732760026527
0.38140703517587937,0.8980462798986686,0.9073362113978045,0.8968425774478528
0.38241206030150754,0.9406356911014377,0.9123172717325746,0.901411878893053
0.3834170854271357,0.9053293378690006,0.9172235658995973,0.905981180338253
0.3844221105527638,0.9154803086819066,0.9216996210700681,0.9105504817834531
0.38542713567839193,0.9325879895692031,0.9262893851351078,0.9151197832286533
0.3864321608040201,0.9331989933883811,0.9319149249269774,0.9196890846738534
0.38743718592964826,0.9387738415725719,0.937245890800461,0.9242583861190534
0.3884422110552764,0.9566887895716495,0.9434588358145244,0.9288276875642535
0.3894472361809045,0.9327419489999481,0.9485339309142237,0.9333969890094536
0.39045226130653266,0.9594077112419684,0.9538013467349987,0.9379662904546537
0.3914572864321608,0.9580187573473999,0.957966670860924,0.9425355918998538
0.39246231155778893,0.9834678747000118,0.9638868735382264,0.9471048933450539
0.3934673366834171,0.977377210439598,0.968987379567556,0.951674194790254
0.3944723618090452,0.9695133498646068,0.9737425575890902,0.956243496235454
0.3954773869346734,0.9725052610918538,0.9797352488871418,0.9608127976806542
0.3964824120603015,0.9748922805235003,0.9853946702895434,0.9653820991258543
0.39748743718592966,0.9919176155804373,0.9899127743250484,0.9699514005710543
0.39849246231155777,0.9915570762221363,0.9944022049288732,0.9745207020162545
0.39949748743718594,1.0041670046889979,0.9992966857051269,0.9790900034614546
0.40050251256281405,1.0013310008057519,1.0040533882628193,0.9836593049066547
0.4015075376884422,1.0061909032373366,1.0090416105259759,0.9882286063518547
0.40251256281407033,0.9992203313579464,1.013698740535285,0.9927979077970548
0.4035175879396985,1.0263485336248936,1.0195710048710642,0.997367209242255
0.40452261306532666,1.0153579185732484,1.0234384760928046,1.0019365106874552
0.4055276381909548,1.050004785596727,1.0273196962955726,1.006505812132655
0.4065326633165829,1.0431612377241883,1.0326331001134699,1.0110751135778553
0.40753768844221105,1.045647000937143,1.0380892885363735,1.0156444150230552
0.4085427135678392,1.0365043823858184,1.0439046175531943,1.0202137164682554
0.40954773869346733,1.0364558972763498,1.0493033398841505,1.0247830179134554
0.41055276381909545,1.0513468994264044,1.0545115628937185,1.0293523193586556
0.4115577889447236,1.0660929483985726,1.059159481628365,1.0339216208038557
0.4125628140703518,1.0474710610525493,1.0638754877739236,1.0384909222490557
0.4135678391959799,1.0665217014560813,1.0693760747158578,1.0430602236942559
0.41457286432160806,1.0930808370703162,1.075712604985923,1.047629525139456
0.41557788944723617,1.0724197128000463,1.0814238813856107,1.052198826584656
0.41658291457286434,1.0666452751032631,1.086211114803265,1.0567681280298562
0.41758793969849245,1.0917216376762449,1.0906294002419923,1.0613374294750564
0.4185929648241206,1.0979975948186402,1.0950019572243403,1.0659067309202563
0.41959798994974873,1.1086448479103743,1.1003057750115262,1.0704760323654565
0.4206030150753769,1.116088229192432,1.1056169849827522,1.0750453338106565
0.421608040201005,1.1113462054422045,1.1113999255657903,1.0796146352558567
0.4226130653266332,1.1110691355858695,1.1166375128483985,1.0841839367010566
0.4236180904522613,1.109799142153599,1.1219952464258078,1.0887532381462568
0.42462311557788945,1.1327044029018234,1.127649598973764,1.093322539591457
0.4256281407035176,1.1449605275694403,1.133540184940481,1.097891841036657
0.42663316582914573,1.1577078908177165,1.1375477285459936,1.1024611424818571
0.42763819095477384,1.1254642871792941,1.1429593367117465,1.1070304439270573
0.428643216080402,1.151625350687458,1.1488343349997194,1.1115997453722573
0.4296482412060302,1.1437300483181903,1.1531392706321244,1.1161690468174574
0.4306532663316583,1.1676348100424165,1.1582796658748924,1.1207383482626576
0.4316582914572864,1.1586622117240164,1.1639867943658324,1.1253076497078576
0.43266331658291457,1.169463530686231,1.1680383335701752,1.1298769511530578
0.43366834170854274,1.1718114069263872,1.172764579375787,1.1344462525982577
0.43467336683417085,1.1893208206789903,1.1777924845741325,1.139015554043458
0.43567839195979896,1.177521169655542,1.183067064582255,1.1435848554886578
0.43668341708542713,1.2020051786905661,1.1879266026190876,1.148154156933858
0.4376884422110553,1.1852543399971047,1.1918911766802756,1.1527234583790582
0.4386934673366834,1.196886700612367,1.195456493013509,1.1572927598242582
0.4396984924623116,1.2017702357266364,1.2013472270999168,1.1618620612694583
0.4407035175879397,1.1907351572215579,1.2058689629527526,1.1664313627146585
0.44170854271356785,1.216226685402304,1.2107791472375258,1.1710006641598585
0.442713567839196,1.2399088032019907,1.2157784443063266,1.1755699656050587
0.44371859296482413,1.209273630892323,1.2203808065327384,1.1801392670502588
0.44472361809045224,1.2200498589712743,1.2247937225382228,1.1847085684954588
0.4457286432160804,1.2267109551478133,1.2302829502699992,1.189277869940659
0.4467336683417086,1.2311144823404165,1.2346503149623989,1.1938471713858592
0.4477386934673367,1.2444737777489774,1.2401589183489765,1.1984164728310591
0.4487437185929648,1.2361457309767616,1.2448358864004054,1.202985774276259
0.44974874371859297,1.239710166482089,1.2498851681327734,1.2075550757214593
0.45075376884422114,1.2609511711666759,1.255074049379698,1.2121243771666594
0.45175879396984925,1.255625275302685,1.2590604311115134,1.2166936786118594
0.45276381909547736,1.2566642868679687,1.2650192193646022,1.2212629800570596
0.4537688442211055,1.2826186426248352,1.2691502623598656,1.2258322815022598
0.4547738693467337,1.2645165429314853,1.273466247634025,1.2304015829474597
0.4557788944723618,1.2709605988123769,1.2787812963184084,1.23497088439266
0.4567839195979899,1.2980636447572382,1.284175197771783,1.23954018583786
0.4577889447236181,1.2897702086041853,1.2894251775464822,1.24410948728306
0.45879396984924625,1.3042190475468256,1.2947095090824299,1.2486787887282602
0.45979899497487436,1.3095754438734353,1.299527916299887,1.2532480901734604
0.46080402010050253,1.301387819841567,1.3047928517846852,1.2578173916186604
0.46180904522613064,1.3162309692916312,1.3100450381341,1.2623866930638605
0.4628140703517588,1.2934570155583913,1.314994640882148,1.2669559945090605
0.463819095477387,1.3277872870426,1.3196702996337526,1.2715252959542607
0.4648241206030151,1.311240674293362,1.325370637798803,1.2760945973994606
0.4658291457286432,1.339176464507658,1.3295974412248435,1.2806638988446608
0.46683417085427137,1.3315197506331409,1.335405123722713,1.285233200289861
0.46783919597989954,1.3441095923988906,1.3405491672120469,1.289802501735061
0.46884422110552765,1.3474604899658897,1.3450238231057254,1.2943718031802611
0.46984924623115576,1.3526541076672163,1.3495858003151475,1.2989411046254613
0.4708542713567839,1.3552971437504884,1.3539595702921112,1.3035104060706613
0.4718592964824121,1.3572392471271228,1.3580633604608445,1.3080797075158614
0.4728643216080402,1.3605104525186318,1.3637472653601883,1.3126490089610616
0.4738693467336683,1.3747920343717783,1.3686143403926052,1.3172183104062616
0.4748743718592965,1.3631654265895918,1.3746456713835484,1.3217876118514618
0.47587939698492465,1.3877720646641276,1.3801066676291018,1.3263569132966617
0.47688442211055276,1.379835121423762,1.3857939420903953,1.330926214741862
0.4778894472361809,1.398093240382483,1.390649628690767,1.3354955161870619
0.47889447236180904,1.3892735990670586,1.3963932069203242,1.340064817632262
0.4798994974874372,1.4009807303118447,1.4015364967109973,1.3446341190774622
0.4809045226130653,1.3946956844208966,1.4072437859223477,1.3492034205226622
0.48190954773869343,1.4048157570169908,1.4115945595413795,1.3537727219678624
0.4829145728643216,1.4039626177542996,1.4159770488521104,1.3583420234130625
0.48391959798994977,1.4321176325264766,1.4212900665779673,1.3629113248582625
0.48492462311557794,1.428173695037217,1.426464523495395,1.3674806263034627
0.48592964824120605,1.4321776283500847,1.4311481932596404,1.3720499277486629
0.48693467336683416,1.45339020069033,1.4364217395064074,1.3766192291938628
0.4879396984924623,1.4420479869031133,1.441324543190713,1.3811885306390628
0.4889447236180905,1.4508572563162092,1.44608001991722,1.3857578320842632
0.4899497487437186,1.4636220499129533,1.450725172810948,1.3903271335294631
0.4909547738693467,1.4624052575843738,1.4557709340515204,1.394896434974663
0.4919597989949749,1.4787281418269413,1.4601577871615274,1.3994657364198633
0.49296482412060305,1.4527219009049546,1.4651794528936346,1.4040350378650635
0.49396984924623116,1.4560943978973024,1.4683317321375158,1.4086043393102634
0.4949748743718593,1.4794386548218286,1.4725222957435915,1.4131736407554636
0.49597989949748744,1.4795229616194658,1.475685265945192,1.4177429422006638
0.4969849246231156,1.4825164389494216,1.478776469392443,1.4223122436458637
0.4979899497487437,1.4844569902652334,1.481774452542352,1.426881545091064
0.49899497487437183,1.5005365494031577,1.4834935644391924,1.431450846536264
0.5,1.48921108613342,1.4856483588573755,1.436020147981464
0.5,1.5049317569382323,1.4877511003915418,1.440589449426664
0.501010101010101,1.5053261076002242,1.489890219719468,1.4451587508718644
0.502020202020202,1.5018783518419998,1.4917214813984558,1.4497280523170644
0.503030303030303,1.5101939962593582,1.4934188449107921,1.4542973537622643
0.5040404040404041,1.477318179626262,1.4956175400619645,1.4588666552074645
0.5050505050505051,1.5003455806940447,1.4979918115881574,1.4634359566526647
0.5060606060606061,1.504865947163286,1.4995146863664073,1.4680052580978646
0.5070707070707071,1.4992713743239892,1.5007304052897124,1.4725745595430648
0.5080808080808081,1.5011312407979942,1.5015056040416286,1.477143860988265
0.509090909090909,1.4929297743176562,1.50152682134189,1.481713162433465
0.51010101010101,1.491608258521323,1.5005776138949258,1.4862824638786651
0.5111111111111111,1.4992203116020402,1.5005725381190311,1.4908517653238653
0.5121212121212121,1.5128217944552564,1.500022679955333,1.4954210667690653
0.5131313131313131,1.504524276201092,1.4996204799353772,1.4999903682142655
0.5141414141414141,1.5177675026106732,1.4999903682142655,1.4999903682142655
0.5151515151515151,1.5032918893819216,1.4990917532907637,1.499968463750761
0.5161616161616162,1.510702642999739,1.4994973212329719,1.4999465592872567
0.5171717171717172,1.5144647747215747,1.4995662821451134,1.4999246548237524
0.5181818181818182,1.507484496855484,1.4993982682882405,1.499902750360248
0.5191919191919192,1.5003460102434945,1.4997374326824358,1.4998808458967436
0.5202020202020202,1.4849449881712458,1.499766256171905,1.4998589414332393
0.5212121212121212,1.4787047781229896,1.50100804530927,1.499837036969735
0.5222222222222223,1.4890943432878365,1.501671976484097,1.4998151325062306
0.5232323232323233,1.4922850191731711,1.5013415795040606,1.4997932280427262
0.5242424242424243,1.4960755071412437,1.5005596463447783,1.4997713235792218
0.5252525252525253,1.5103857822564337,1.5013256429614859,1.4997494191157175
0.5262626262626262,1.4895258530188213,1.5008150588796192,1.499727514652213
0.5272727272727272,1.4866462422970503,1.5002583201381534,1.4997056101887087
0.5282828282828282,1.5019316816732924,1.5002913933863964,1.4996837057252044
0.5292929292929293,1.501001628455213,1.5000144446212402,1.4996618012617
0.5303030303030303,1.5070721553904713,1.4993828956410316,1.4996398967981956
0.5313131313131313,1.5017941810557862,1.4989149547510352,1.4996179923346913
0.5323232323232323,1.52149092447706,1.4997768541874088,1.499596087871187
0.5333333333333333,1.5068786755423385,1.5013758011636082,1.4995741834076826
0.5343434343434343,1.4916211810612026,1.5023590125006627,1.4995522789441782
0.5353535353535354,1.4948373317917654,1.5027858900097097,1.4995303744806738
0.5363636363636364,1.522142198385367,1.5030687877908937,1.4995084700171695
0.5373737373737374,1.5060240687277402,1.5024981020091945,1.499486565553665
0.5383838383838384,1.4904868983282058,1.5029206984958177,1.4994646610901607
0.5393939393939394,1.5114633277093297,1.504424107114121,1.4994427566266564
0.5404040404040404,1.5080949531229848,1.5051296080726897,1.499420852163152
0.5414141414141413,1.4929588703106837,1.50510623045699,1.4993989476996477
0.5424242424242424,1.4895833697735799,1.5041675319399856,1.4993770432361433
0.5434343434343434,1.504768675207834,1.504183993787413,1.499355138772639
0.5444444444444444,1.5154805585755773,1.5030044648674106,1.4993332343091346
0.5454545454545454,1.5117082040400904,1.50257496142798,1.4993113298456302
0.5464646464646464,1.502103201881247,1.5034027907558765,1.4992894253821258
0.5474747474747474,1.5025821561084813,1.5034783001025749,1.4992675209186215
0.5484848484848485,1.4972600092773471,1.5027743592138798,1.4992456164551171
0.5494949494949495,1.49924557221116,1.5021349373207606,1.4992237119916128
0.5505050505050505,1.5212246405180216,1.5023757543059062,1.4992018075281084
0.5515151515151515,1.5181582037203738,1.502004210546798,1.499179903064604
0.5525252525252525,1.5004639432941242,1.5012890450243785,1.4991579986010997
0.5535353535353535,1.4854820894993714,1.5014887292484376,1.4991360941375953
0.5545454545454546,1.5021728035466115,1.5015319307325183,1.499114189674091
0.5555555555555556,1.4943617593170015,1.500944680657747,1.4990922852105866
0.5565656565656566,1.497000096435432,1.5004577641717938,1.4990703807470822
0.5575757575757576,1.5106612556028236,1.4998602461122943,1.4990484762835778
0.5585858585858585,1.4965740467658357,1.500239380358425,1.4990265718200735
0.5595959595959595,1.5059515579453888,1.4998984661693036,1.4990046673565691
0.5606060606060606,1.4913173651859937,1.5007840377351764,1.4989827628930648
0.5616161616161616,1.4960256889865544,1.501140435266232,1.4989608584295604
0.5626262626262626,1.5029178212498366,1.5003100672006424,1.498938953966056
0.5636363636363636,1.491646146107338,1.500579568087254,1.4989170495025517
0.5646464646464646,1.4975516074640394,1.500633075721095,1.4988951450390473
0.5656565656565656,1.4905770039074377,1.5011486057989845,1.498873240575543
0.5666666666666667,1.4912619234880942,1.500353511353533,1.4988513361120386
0.5676767676767677,1.5042814793986514,1.501261152746543,1.4988294316485342
0.5686868686868687,1.497965288671599,1.5018325038824998,1.4988075271850299
0.5696969696969697,1.5108232895422622,1.5015231019928157,1.4987856227215255
0.5707070707070707,1.4947411297586883,1.501937431413515,1.4987637182580211
0.5717171717171717,1.5176281552924205,1.50142547665276,1.4987418137945168
0.5727272727272728,1.5074427154254437,1.5021893219940352,1.4987199093310124
0.5737373737373738,1.5021261750094534,1.5028631259635432,1.498698004867508
0.5747474747474748,1.524356724112441,1.502498495709702,1.4986761004040037
0.5757575757575757,1.50169461887246,1.5027870465498299,1.4986541959404993
0.5767676767676767,1.4973392812908342,1.5026057275352163,1.498632291476995
0.5777777777777777,1.4838856313012252,1.5026741743302119,1.4986103870134906
0.5787878787878787,1.515237511356236,1.5025505384337123,1.4985884825499862
0.5797979797979798,1.5101411725624334,1.5025833578496681,1.4985665780864819
0.5808080808080808,1.5035450121400935,1.502992634778137,1.4985446736229775
0.5818181818181818,1.506103623441923,1.502280458764032,1.4985227691594731
0.5828282828282828,1.4941765984480226,1.5020758774658742,1.4985008646959688
0.5838383838383838,1.5088858080353216,1.5014219279860308,1.4984789602324644
0.5848484848484848,1.5115231802852358,1.5009915715835602,1.49845705576896
0.5858585858585859,1.494531325411495,1.501268503408376,1.4984351513054557
0.5868686868686869,1.4982828154302694,1.4993889037046266,1.4984132468419513
0.5878787878787879,1.493381270127941,1.4997476822473443,1.498391342378447
0.5888888888888889,1.4921512801923313,1.4990904155786127,1.4983694379149426
0.5898989898989899,1.488418297868607,1.5003714527733032,1.4983475334514382
0.5909090909090908,1.5050363259656365,1.4995136560067355,1.4983256289879339
0.591919191919192,1.5073786580263864,1.4994618535183928,1.4983037245244295
0.5929292929292929,1.4944432412178361,1.4992495242853685,1.4982818200609251
0.5939393939393939,1.4900357599010603,1.4984655923055121,1.4982599155974208
0.5949494949494949,1.5025873172560198,1.4987276428895142,1.4982380111339164
0.5959595959595959,1.4975445181686229,1.498226219897078,1.498216106670412
0.5969696969696969,1.5084956069802138,1.497842150734266,1.4981942022069077
0.597979797979798,1.4811259309262033,1.498270514663306,1.4981722977434033
0.598989898989899,1.5099465253549662,1.4986129476097945,1.498150393279899
0.6,1.482222147910009,1.4997672853197803,1.4981284888163946
0.601010101010101,1.5133494867791053,1.5000419788857702,1.4981065843528902
0.602020202020202,1.4955081857251875,1.5007180753944112,1.4980846798893859
0.603030303030303,1.508949715330542,1.501279859203457,1.4980627754258815
0.604040404040404,1.498661439780536,1.5013758848492977,1.4980408709623771
0.6050505050505051,1.488073187905232,1.5017335768173203,1.4980189664988728
0.6060606060606061,1.5002037618800643,1.5030209730331678,1.4979970620353686
0.6070707070707071,1.4973530792092875,1.5030595648265006,1.4979751575718643
0.608080808080808,1.5026895895405588,1.5026380721166432,1.49795325310836
0.6090909090909091,1.5043836957794179,1.502120657730372,1.4979313486448556
0.61010101010101,1.5061587731995105,1.5027114019473413,1.4979094441813512
0.611111111111111,1.519931037457615,1.5028417483130587,1.4978875397178468
0.6121212121212121,1.4984692322101012,1.5044981780569286,1.4978656352543425
0.6131313131313131,1.5039685175673503,1.5041165683718956,1.497843730790838
0.6141414141414141,1.5179573535736943,1.5043987747094298,1.4978218263273337
0.6151515151515151,1.5095872478807146,1.504155219959825,1.4977999218638294
0.6161616161616161,1.5026701564823601,1.5043479474944164,1.497778017400325
0.6171717171717171,1.5196458728655453,1.5043484266490572,1.4977561129368206
0.6181818181818182,1.5034749285026727,1.5047368379548869,1.4977342084733163
0.6191919191919192,1.4878501858419053,1.5048947692593375,1.497712304009812
0.6202020202020202,1.4965950760959816,1.504098523985987,1.4976903995463076
0.6212121212121212,1.494713047916496,1.5043512502384684,1.4976684950828032
0.6222222222222222,1.5129444917664583,1.5040244368724802,1.4976465906192988
0.6232323232323232,1.520320032019013,1.5031921230083944,1.4976246861557945
0.6242424242424243,1.5045724640233569,1.503530669808582,1.49760278169229
0.6252525252525252,1.5019989314884703,1.5029492246030633,1.4975808772287857
0.6262626262626263,1.503347956089635,1.5019559683265395,1.4975589727652814
0.6272727272727272,1.5030941730761327,1.5015671242378532,1.497537068301777
0.6282828282828282,1.488084208461974,1.5009680721422853,1.4975151638382727
0.6292929292929292,1.5091372219141455,1.499849846193659,1.4974932593747683
0.6303030303030303,1.50098549921166,1.499569695138583,1.497471354911264
0.6313131313131313,1.4843759482534955,1.5003307416830682,1.4974494504477596
0.6323232323232323,1.5101963995864915,1.5005741253418943,1.4974275459842552
0.6333333333333333,1.498642065781774,1.500787650652082,1.4974056415207508
0.6343434343434343,1.5007878185836443,1.5009396574514564,1.4973837370572465
0.6353535353535353,1.506255808614421,1.5001041983959837,1.4973618325937421
0.6363636363636364,1.4905952778404234,1.499851557731598,1.4973399281302378
0.6373737373737374,1.4951124592136438,1.5002718290563914,1.4973180236667334
0.6383838383838384,1.5006438338409325,1.5001004827471711,1.497296119203229
0.6393939393939394,1.488891958284302,1.49995103374774,1.4972742147397247
0.6404040404040403,1.4939266760471235,1.5003738573575642,1.4972523102762203
0.6414141414141414,1.4970314542359293,1.5001837207923108,1.497230405812716
0.6424242424242423,1.5053542563650681,1.5006300289407626,1.4972085013492116
0.6434343434343435,1.5021929002489682,1.5007672435410366,1.4971865968857072
0.6444444444444444,1.4996241300508237,1.5003039278201187,1.4971646924222028
0.6454545454545454,1.5164406481520678,1.4999563257660986,1.4971427879586985
0.6464646464646464,1.501104473743137,1.4998314005092115,1.4971208834951941
0.6474747474747474,1.4987617287424957,1.4994858534436875,1.4970989790316898
0.6484848484848484,1.511665171958719,1.4992984155864126,1.4970770745681854
0.6494949494949495,1.499406990977571,1.4994606033200117,1.497055170104681
0.6505050505050505,1.4996568460892075,1.4994177719336275,1.4970332656411767
0.6515151515151515,1.497809151487933,1.4999632883023615,1.4970113611776723
0.6525252525252525,1.504764080913318,1.5004382878721751,1.496989456714168
0.6535353535353535,1.5112505866260544,1.5005902447901491,1.4969675522506636
0.6545454545454545,1.4875318840598006,1.500487284606889,1.4969456477871592
0.6555555555555556,1.499540138005371,1.5005737494189009,1.4969237433236549
0.6565656565656566,1.4906472185393111,1.5005674673178375,1.4969018388601505
0.6575757575757575,1.497914537675243,1.4993371593263145,1.4968799343966461
0.6585858585858586,1.4983082261073624,1.499750431860712,1.4968580299331418
0.6595959595959595,1.4862842071231073,1.4996047572767544,1.4968361254696374
0.6606060606060605,1.4988427770864263,1.4996631836994634,1.496814221006133
0.6616161616161615,1.4996587119540927,1.4996323816214892,1.4967923165426287
0.6626262626262626,1.5014388347651801,1.4995505010452197,1.4967704120791243
0.6636363636363636,1.5048516661528348,1.5000171395221114,1.49674850761562
0.6646464646464646,1.500526463349328,1.5001485052161394,1.4967266031521156
0.6656565656565656,1.502986172150097,1.4997611523644019,1.4967046986886112
0.6666666666666666,1.5041815909252352,1.4997954033322147,1.4966827942251069
0.6676767676767676,1.4994796417263614,1.4994569748945503,1.4966608897616025
0.6686868686868687,1.4881435643470389,1.4997989598968062,1.4966389852980981
0.6696969696969697,1.5106097420342883,1.4995369377956294,1.4966170808345938
0.6707070707070707,1.4954112133114723,1.499660396529354,1.4965951763710894
0.6717171717171717,1.513008979681027,1.5000784236976965,1.496573271907585
0.6727272727272727,1.4986985431841717,1.5003310261363212,1.4965513674440807
0.6737373737373737,1.4977735928350078,1.5005980665632648,1.4965294629805763
0.6747474747474747,1.5085418364564398,1.5006105265160468,1.496507558517072
0.6757575757575758,1.507785491875963,1.5001936592643184,1.4964856540535676
0.6767676767676767,1.5023414710360914,1.5001919556075392,1.4964637495900632
0.6777777777777777,1.4883196563194907,1.5003908503785781,1.4964418451265589
0.6787878787878787,1.4917562839390832,1.5004212484595814,1.4964199406630545
0.6797979797979797,1.4985128735912001,1.5006472578941925,1.4963980361995501
0.6808080808080808,1.4918880293481753,1.5016089783678013,1.4963761317360458
0.6818181818181818,1.5011477769830264,1.5011185558936049,1.4963542272725414
0.6828282828282828,1.4958988319949837,1.5011854298142802,1.496332322809037
0.6838383838383838,1.5046526331748098,1.5002385137789722,1.4963104183455327
0.6848484848484848,1.5058006417737833,1.500280066519884,1.4962885138820283
0.6858585858585858,1.5017254136791685,1.5000487063532058,1.496266609418524
0.6868686868686869,1.4952637193630816,1.4994827089699,1.4962447049550196
0.6878787878787879,1.5004872792433996,1.4997073073866465,1.4962228004915152
0.6888888888888889,1.5075607518839982,1.499705760016891,1.4962008960280109
0.6898989898989898,1.5048807467883072,1.500349374260297,1.4961789915645065
0.6909090909090909,1.5046778587224257,1.5004513920640827,1.4961570871010021
0.6919191919191918,1.5102631352400397,1.500976947176286,1.4961351826374978
0.692929292929293,1.4993300251277732,1.5011503352028859,1.4961132781739934
0.6939393939393939,1.4969493134869962,1.5001135373598942,1.496091373710489
0.6949494949494949,1.491229910868952,1.499812980645408,1.4960694692469847
0.6959595959595959,1.4996542562251434,1.4988219544315162,1.4960475647834803
0.6969696969696969,1.4924523090014112,1.497634008487149,1.496025660319976
0.6979797979797979,1.4955238966403992,1.4967117153541813,1.4960037558564716
0.6989898989898989,1.5129512554611337,1.4960037558564716,1.4960037558564716
0.7,1.5023058815317099,1.4950933865617313,1.4935353759080672
0.7,1.5031227839178292,1.4940360507454589,1.4910669959596627
0.7010050251256281,1.4941026934261579,1.4923611773478573,1.4885986160112585
0.7020100502512563,1.5106006411718715,1.4900795724479055,1.486130236062854
0.7030150753768843,1.495875953959971,1.4885077930497062,1.4836618561144497
0.7040201005025125,1.477301426594219,1.487219376771042,1.4811934761660452
0.7050251256281407,1.4889860275617979,1.4852566048857263,1.478725096217641
0.7060301507537688,1.4818590302553005,1.4838565469672995,1.4762567162692366
0.7070351758793969,1.4784778850533395,1.4822578667972288,1.4737883363208322
0.7080402010050251,1.4805126716209143,1.480937112889724,1.4713199563724277
0.7090452261306532,1.4789806509157588,1.4796271022173642,1.4688515764240235
0.7100502512562814,1.47954878546437,1.4768862370453617,1.466383196475619
0.7110552763819095,1.483242028109733,1.4749374945155156,1.4639148165272147
0.7120603015075376,1.4663586586434683,1.4729016678509148,1.4614464365788102
0.7130653266331658,1.4522009460235394,1.4709761848657765,1.4589780566304058
0.714070351758794,1.474112209081454,1.4682535611925298,1.4565096766820016
0.715075376884422,1.4696964507185022,1.4649860306195233,1.4540412967335972
0.7160804020100502,1.4518055601247342,1.4631547938335974,1.4515729167851927
0.7170854271356784,1.459028578745136,1.4610792859339141,1.4491045368367883
0.7180904522613065,1.462884612313515,1.4588798860343726,1.446636156888384
0.7190954773869347,1.4620749691287978,1.4564165332432923,1.4441677769399797
0.7201005025125627,1.4653936511761234,1.453310768252583,1.4416993969915752
0.7211055276381909,1.4499113565050772,1.4510374309653333,1.4392310170431708
0.7221105527638191,1.4574848033452505,1.4482097659786588,1.4367626370947666
0.7231155778894472,1.4562987706320065,1.445581744956946,1.4342942571463622
0.7241206030150753,1.4498165847679831,1.442977823676973,1.4318258771979577
0.7251256281407035,1.4479802966871975,1.440831288711951,1.4293574972495533
0.7261306532663316,1.4207227507808153,1.4376607998572797,1.4268891173011489
0.7271356783919598,1.4351829805179208,1.4346993409379607,1.4244207373527447
0.7281407035175879,1.4412493458690818,1.433106555965054,1.4219523574043402
0.729145728643216,1.4312728325658486,1.4310288281014212,1.4194839774559358
0.7301507537688442,1.4218207708584987,1.4286183299090678,1.4170155975075314
0.7311557788944724,1.4090800768345997,1.4261753775763604,1.4145472175591272
0.7321608040201004,1.4266938933090123,1.4229560483195516,1.4120788376107227
0.7331658291457286,1.4145124907708564,1.4205008142959643,1.4096104576623183
0.7341708542713568,1.422797544610341,1.4178504565559202,1.4071420777139139
0.7351758793969849,1.4064684692040916,1.4141076825932148,1.4046736977655094
0.7361809045226131,1.4028306418280323,1.4115819579709332,1.4022053178171052
0.7371859296482411,1.4011909654240153,1.4088482751199105,1.3997369378687008
0.7381909547738693,1.4015828955741623,1.4068808194349254,1.3972685579202964
0.7391959798994975,1.4151715057478755,1.404488399249785,1.394800177971892
0.7402010050251256,1.411240837881591,1.401338907245872,1.3923317980234877
0.7412060301507537,1.4074431538893786,1.3979760862035688,1.3898634180750833
0.7422110552763819,1.4058870654765294,1.39470555356624,1.3873950381266789
0.74321608040201,1.3913490782695233,1.3929644675716508,1.3849266581782744
0.7442211055276382,1.3934409739625642,1.3902200156309932,1.38245827822987
0.7452261306532663,1.396526575324236,1.3884377907863954,1.3799898982814658
0.7462311557788944,1.37021496948978,1.3857669046491252,1.3775215183330614
0.7472361809045226,1.3917249184555118,1.3821623227356783,1.375053138384657
0.7482412060301508,1.3851055911136747,1.3797362111656633,1.3725847584362525
0.7492462311557788,1.375471270026157,1.3775000127786574,1.3701163784878483
0.750251256281407,1.380157316259684,1.3753849692153615,1.3676479985394439
0.7512562814070352,1.3688110297790845,1.3721474237645577,1.3651796185910394
0.7522613065326633,1.3539279485928812,1.3687352294492066,1.362711238642635
0.7532663316582915,1.3465985201999406,1.3654765601985503,1.3602428586942308
0.7542713567839195,1.3690350989590454,1.362719253184295,1.3577744787458264
0.7552763819095477,1.3635714986738858,1.3601447506656053,1.355306098797422
0.7562814070351759,1.37352131934511,1.3573216540858342,1.3528377188490175
0.7572864321608039,1.3613671634531288,1.3548509612417257,1.350369338900613
0.7582914572864321,1.3235630851948117,1.353293060218262,1.3479009589522088
0.7592964824120603,1.3470300757176854,1.350262215212913,1.3454325790038044
0.7603015075376884,1.3497584025228762,1.3465248019117522,1.3429641990554
0.7613065326633166,1.352936893618358,1.3445512573485028,1.3404958191069956
0.7623115577889447,1.3407079603793874,1.342041317925658,1.3380274391585913
0.7633165829145728,1.332760368628515,1.339646455392055,1.335559059210187
0.764321608040201,1.3324937611242833,1.3381955520186974,1.3330906792617825
0.7653266331658292,1.3424690041486564,1.336939706459794,1.330622299313378
0.7663316582914572,1.3321355203396597,1.3341043341099625,1.3281539193649738
0.7673366834170854,1.3285097526278304,1.3315244771022852,1.3256855394165694
0.7683417085427136,1.3397006399097475,1.3278835880335573,1.323217159468165
0.7693467336683417,1.334383245950112,1.3248928114912837,1.3207487795197606
0.7703517587939699,1.3220154833324806,1.3235654608334644,1.3182803995713561
0.7713567839195979,1.2991450851869781,1.3222052316680704,1.315812019622952
0.7723618090452261,1.3300797450714228,1.3197827995557594,1.3133436396745475
0.7733668341708543,1.3224287095342537,1.3169796260387583,1.310875259726143
0.7743718592964823,1.3137291915062173,1.3155945245324985,1.3084068797777386
0.7753768844221105,1.3205571710056583,1.3136277704495642,1.3059384998293344
0.7763819095477387,1.3177140723451608,1.3110187673943197,1.30347011988093
0.7773869346733668,1.303821534912923,1.3081974504699276,1.3010017399325255
0.778391959798995,1.3042347874973024,1.3058464866891477,1.2985333599841211
0.7793969849246231,1.2897808707643672,1.303339538002236,1.296064980035717
0.7804020100502512,1.292579302980834,1.3012155083637222,1.2935966000873125
0.7814070351758794,1.2930340200649717,1.298555888089436,1.291128220138908
0.7824120603015076,1.315744804913619,1.295035236154782,1.2886598401905036
0.7834170854271356,1.2940424639397239,1.293731408029828,1.2861914602420992
0.7844221105527638,1.288463902727329,1.2902783344460356,1.283723080293695
0.785427135678392,1.3088506257354158,1.2870475741863312,1.2812547003452905
0.7864321608040201,1.2875250247210293,1.2839322176288652,1.2787863203968861
0.7874371859296483,1.2724866908536556,1.28143858259861,1.2763179404484817
0.7884422110552763,1.277578714887646,1.278075401100216,1.2738495605000775
0.7894472361809045,1.2780633533817192,1.2750971367033546,1.271381180551673
0.7904522613065327,1.2708499328288572,1.2716786817779286,1.2689128006032686
0.7914572864321607,1.290847958223937,1.2697775084370948,1.2664444206548642
0.7924623115577889,1.2732119796415315,1.2670224055979211,1.26397604070646
0.7934673366834171,1.241040488835436,1.2645897457511857,1.2615076607580555
0.7944723618090452,1.2691570383130326,1.2611814538559216,1.259039280809651
0.7954773869346734,1.2506590526441974,1.2585655472122652,1.2565709008612467
0.7964824120603015,1.2481212235610506,1.2562903444973614,1.2541025209128422
0.7974874371859296,1.2420759906845005,1.2529667444379031,1.251634140964438
0.7984924623115578,1.2632035653097897,1.2494728017984653,1.2491657610160336
0.799497487437186,1.2403608978820926,1.2475877319168018,1.2466973810676292
0.800502512562814,1.2353214537851158,1.2447763002066414,1.2442290011192247
0.8015075376884422,1.2256103242125063,1.2433619660264277,1.2417606211708203
0.8025125628140704,1.246053883925192,1.2410655224977452,1.239292241222416
0.8035175879396985,1.2292119376798396,1.2378928122362876,1.2368238612740117
0.8045226130653266,1.2370828435900487,1.2355969444934447,1.2343554813256072
0.8055276381909547,1.237354091322553,1.2338330067689984,1.231887101377203
0.8065326633165829,1.2338766111356223,1.2310665896100148,1.2294187214287986
0.8075376884422111,1.2361342402845414,1.229347639478072,1.2269503414803942
0.8085427135678391,1.2324078243678784,1.2269503414803942,1.2269503414803942
0.8095477386934673,1.2071643440139639,1.224348800257044,1.2244395976447005
0.8105527638190955,1.2291300835753953,1.2212837062983173,1.2219288538090067
0.8115577889447236,1.212915785553956,1.2188469964495316,1.2194181099733132
0.8125628140703518,1.245533667236799,1.2168501186310214,1.2169073661376195
0.8135678391959799,1.2180317316691582,1.2150187970945152,1.2143966223019258
0.814572864321608,1.2178756222104128,1.2127215201482149,1.211885878466232
0.8155778894472362,1.220407021556141,1.2107900081068648,1.2093751346305384
0.8165829145728644,1.2004699211731753,1.208192052198805,1.2068643907948446
0.8175879396984924,1.2055294436564115,1.2058011920365934,1.2043536469591511
0.8185929648241206,1.2111231996095113,1.2037332124373343,1.2018429031234574
0.8195979899497488,1.1929833696144547,1.200298398825485,1.1993321592877637
0.8206030150753769,1.1822405425474458,1.1981032181831233,1.19682141545207
0.821608040201005,1.192706404259078,1.1962802477222625,1.1943106716163763
0.8226130653266331,1.1843165713600239,1.1939954137490745,1.1917999277806826
0.8236180904522613,1.1893932639593825,1.191935106015706,1.189289183944989
0.8246231155778895,1.1834899288728669,1.1888981735079631,1.1867784401092953
0.8256281407035175,1.1932165141602793,1.1865202404808328,1.1842676962736016
0.8266331658291457,1.1847871607287923,1.183762374024788,1.181756952437908
0.8276381909547739,1.1773298577046716,1.1804521624510789,1.1792462086022142
0.828643216080402,1.1823643075916905,1.17823521920189,1.1767354647665207
0.8296482412060302,1.1863130803526576,1.1758633885806133,1.174224720930827
0.8306532663316583,1.1571335272120062,1.1735128330230078,1.1717139770951333
0.8316582914572864,1.1819186695935584,1.1720755793698603,1.1692032332594395
0.8326633165829146,1.1652360234141663,1.1702869896690355,1.1666924894237458
0.8336683417085426,1.1765789021920683,1.168119088405113,1.164181745588052
0.8346733668341708,1.1655287076864849,1.1661913286153156,1.1616710017523586
0.835678391959799,1.17568421955871,1.164085846694934,1.1591602579166649
0.8366834170854272,1.163339272045164,1.1617002996755865,1.1566495140809712
0.8376884422110553,1.1544446937213846,1.1585449253214946,1.1541387702452774
0.8386934673366835,1.1442721553608248,1.156361738861951,1.1516280264095837
0.8396984924623115,1.1494802264418356,1.153898372930721,1.14911728257389
0.8407035175879397,1.1509773393670482,1.150474305158468,1.1466065387381965
0.8417085427135679,1.157060421784587,1.1477999814613593,1.1440957949025028
0.8427135678391959,1.1599265355920638,1.1455015449429953,1.141585051066809
0.8437185929648241,1.1411029794284764,1.1422219983325999,1.1390743072311154
0.8447236180904523,1.1428446751888528,1.1397212254181126,1.1365635633954216
0.8457286432160804,1.1399780961946813,1.1364445944804331,1.1340528195597281
0.8467336683417086,1.1409671797906118,1.133245469803384,1.1315420757240344
0.8477386934673367,1.1286223474278754,1.1296158591294971,1.1290313318883407
0.8487437185929648,1.1206429040161656,1.126617229932085,1.126520588052647
0.849748743718593,1.1345738721592835,1.1243439641784563,1.1240098442169533
0.850753768844221,1.1206724412863887,1.1222351008411529,1.1214991003812596
0.8517587939698492,1.1036107488298705,1.1197052798284102,1.118988356545566
0.8527638190954774,1.1248036353191613,1.1178785435667922,1.1164776127098723
0.8537688442211055,1.104269487289632,1.1151825203908667,1.1139668688741786
0.8547738693467337,1.1064890975544648,1.11196901270621,1.111456125038485
0.8557788944723618,1.1077182463809585,1.1084053048065394,1.1089453812027912
0.8567839195979899,1.1012163906254393,1.1053623141178244,1.1064346373670975
0.8577889447236181,1.0919488401143511,1.1035312153134014,1.103923893531404
0.8587939698492463,1.0922031740593146,1.1006478806930593,1.1014131496957102
0.8597989949748743,1.0943708005046855,1.0985939511379825,1.0989024058600165
0.8608040201005025,1.1021595813879221,1.0966641179412984,1.0963916620243228
0.8618090452261307,1.0957682986028436,1.0933368461370299,1.093880918188629
0.8628140703517588,1.0912943431487567,1.0906821044952912,1.0913701743529356
0.863819095477387,1.1089624053498304,1.088953822364163,1.0888594305172419
0.8648241206030151,1.0950518887383054,1.0866381619023244,1.0863486866815482
0.8658291457286432,1.0860158588449578,1.0846580042055294,1.0838379428458544
0.8668341708542714,1.0591376977360505,1.0832300916782713,1.0813271990101607
0.8678391959798994,1.0728558893484064,1.0806337797047374,1.0788164551744672
0.8688442211055276,1.0978628236929566,1.078018802769264,1.0763057113387735
0.8698492462311558,1.0746504835227386,1.0752083671351007,1.0737949675030798
0.870854271356784,1.0813819676611156,1.0735612152131317,1.071284223667386
0.8718592964824121,1.0762567404924268,1.071284223667386,1.071284223667386
0.8728643216080402,1.0580466206611132,1.068177125449338,1.0673708195137535
0.8738693467336683,1.059613383526396,1.0657660480143676,1.0634574153601208
0.8748743718592965,1.063860259813922,1.0634574153601208,1.0634574153601208
0.8758793969849247,1.0715434446968768,1.0600669880900306,1.0601103884841394
0.8768844221105527,1.0587258602633431,1.0571892648345609,1.0567633616081582
0.8778894472361809,1.0736471094275315,1.054211450297984,1.053416334732177
0.8788944723618091,1.0480030709896717,1.0524905016040091,1.0500693078561956
0.8798994974874372,1.0410719211095527,1.0500693078561956,1.0500693078561956
0.8809045226130654,1.027308820528597,1.046890233707709,1.0472049921726037
0.8819095477386935,1.05431867985403,1.0440853071810852,1.044340676489012
0.8829145728643216,1.0419999949525338,1.0413055967833262,1.04147636080542
0.8839195979899498,1.030696322372816,1.0395082629042443,1.0386120451218281
0.8849246231155778,1.0403135175985259,1.0375713477128603,1.0357477294382362
0.885929648241206,1.0381957921010827,1.0354814534547674,1.0328834137546443
0.8869346733668342,1.0309825781377537,1.0327358887645073,1.0300190980710526
0.8879396984924623,1.028864253862504,1.0297622097467556,1.0271547823874607
0.8889447236180905,1.0175261245036895,1.0271547823874607,1.0271547823874607
0.8899497487437186,1.0195558777746276,1.0238134078903105,1.024468111344471
0.8909547738693467,1.0171684331486892,1.0212359811001968,1.021781440301481
0.8919597989949749,1.0247441182777657,1.019437542498094,1.0190947692584915
0.892964824120603,1.010137173410392,1.0187920232450687,1.0164080982155017
0.8939698492462311,1.0174486285126603,1.0159947012525392,1.013721427172512
0.8949748743718593,1.0349180612735414,1.013721427172512,1.013721427172512
0.8959798994974875,1.0134975712592817,1.0127432157215492,1.0127432157215492
0.8969849246231156,1.011545815590259,1.0104099279391108,1.0104099279391108
0.8979899497487438,1.0007122719379402,1.0092976219807095,1.0092976219807095
0.8989949748743719,1.003148827288591,1.0078216505179995,1.0078216505179995
0.9,0.9987550309995603,1.0067562415592,1.0067562415592
0.9,0.9967954959930762,1.0064602630937183,1.0057551762121442
0.9010204081632653,0.9887222548170521,1.0052469863377662,1.0047541108650884
0.9020408163265307,0.9997078332611854,1.0047039157588327,1.0037530455180326
0.903061224489796,1.012461877709022,1.0034534089603562,1.0027519801709768
0.9040816326530613,0.989980274025849,1.0030819286150867,1.001750914823921
0.9051020408163265,0.9897146911119018,1.0027150177507647,1.0007498494768652
0.9061224489795918,1.00819745900068,1.0007498494768652,1.0007498494768652
0.9071428571428571,0.9866478986024431,0.999114158393412,1.0005633701626129
0.9081632653061225,1.0126127550578499,0.9988014959617734,1.0003768908483606
0.9091836734693878,0.9970352344954306,0.9994468189185216,1.000190411534108
0.9102040816326531,1.0043598478101068,0.9996929948611669,1.0000039322198557
0.9112244897959184,1.01071861979761,0.9997101432080046,0.9998174529056034
0.9122448979591837,0.991650512387732,0.9993493110149647,0.999630973591351
0.913265306122449,1.0046778098332194,0.999630973591351,0.999630973591351
0.9142857142857143,0.9959824619128116,0.999336956359761,0.999336956359761
0.9153061224489796,1.0015931254691917,0.9991718036419593,0.9997669980795804
0.9163265306122449,1.0090096786332508,0.9997669980795804,0.9997669980795804
0.9173469387755102,0.9897191909738533,1.0001081237991951,1.0001081237991951
0.9183673469387755,0.9758766763398597,0.9998888029665179,0.9998888029665179
0.9193877551020408,1.0043545796625724,1.0002298420611908,1.0002298420611908
0.9204081632653062,1.0155546999431495,1.0000956469033115,1.0000956469033115
0.9214285714285715,1.0088108739694344,1.000124998973845,1.0000388955198072
0.9224489795918368,0.9991494429768275,1.000283150451328,0.9999821441363027
0.923469387755102,0.9884963555531548,0.9999821441363027,0.9999821441363027
0.9244897959183673,0.9952004940739411,1.000518961018419,0.9998512184692816
0.9255102040816326,0.9929454369346148,1.0004704788560494,0.9997202928022604
0.926530612244898,1.0086633651995807,1.0003353596077975,0.9995893671352392
0.9275510204081633,1.0036697460911297,0.9997779488290652,0.999458441468218
0.9285714285714286,0.9975605826630429,0.999458441468218,0.999458441468218
0.9295918367346939,1.003153079849107,0.9999435337648903,0.99939330192288
0.9306122448979592,0.9944917977799165,1.0000996138064926,0.999328162377542
0.9316326530612246,1.0095262664266307,1.0001832517672917,0.9992630228322039
0.9326530612244898,0.9977103321177012,0.9987800012781598,0.9991978832868659
0.9336734693877551,1.007997331792222,0.998309021430605,0.9991327437415278
0.9346938775510204,1.0037954745520228,0.9991085196726273,0.9990676041961899
0.9357142857142857,1.0039973006764076,0.9988074200180607,0.9990024646508519
0.936734693877551,1.003562720098712,1.000115452338431,0.9989373251055138
0.9377551020408164,0.9928747192030174,0.9992344377647338,0.9988721855601758
0.9387755102040817,0.9887726775583522,0.9985127071902792,0.9988070460148377
0.939795918367347,1.0016610093337697,0.9988329560736883,0.9987419064694997
0.9408163265306123,1.0008763137973116,0.9990149393822926,0.9986767669241616
0.9418367346938775,0.9794665172967097,0.9992996497967088,0.9986116273788236
0.9428571428571428,1.006278252760958,0.998969321784193,0.9985464878334855
0.9438775510204082,0.9832799386931147,0.9985368380130649,0.9984813482881475
0.9448979591836735,0.9979783374756677,0.9991550201225017,0.9984162087428095
0.9459183673469388,1.0175379025433429,0.998686819061147,0.9983510691974714
0.9469387755102041,0.9815710634981225,0.9980785864423527,0.9982859296521335
0.9479591836734694,1.0252852374424573,0.9978734975344034,0.9982207901067954
0.9489795918367347,0.97268210173958,0.9975583428787098,0.9981556505614574
0.9500000000000001,0.9920635619871263,0.9979608852650567,0.9980905110161193
0.9510204081632653,1.011035470409537,0.9986975338833579,0.9980253714707813
0.9520408163265306,1.0017461987609424,0.998267601259335,0.9979602319254433
0.9530612244897959,1.0097014193806806,0.9973825592558271,0.9978950923801052
0.9540816326530612,0.9868942534920521,0.9977341968021252,0.9978299528347672
0.9551020408163265,0.9995791396906855,0.9976661763841276,0.9977648132894291
0.9561224489795919,1.0119285206347481,0.9979809681710627,0.9976996737440911
0.9571428571428572,0.9972287073810661,0.9983861268828101,0.997634534198753
0.9581632653061225,0.989806124319757,0.9972849324563322,0.997569394653415
0.9591836734693878,0.9992802557935706,0.9985256887431505,0.997504255108077
0.960204081632653,0.9963141630177573,0.997542682561783,0.997439115562739
0.9612244897959183,1.0021331940889997,0.9981054739611142,0.997373976017401
0.9622448979591837,1.0057155957792785,0.9987068574329135,0.9973088364720629
0.963265306122449,0.9917725589812406,0.9977015990334721,0.9972436969267249
0.9642857142857143,0.9805203477166322,0.9978161397553945,0.9971785573813868
0.9653061224489796,0.9875541808615665,0.9972887204961784,0.9971134178360488
0.9663265306122449,1.0047137831470123,0.9979913164861806,0.9970482782907107
0.9673469387755103,0.990520149792626,0.9982588382983996,0.9969831387453727
0.9683673469387755,1.0072969878458589,0.9972233673782058,0.9969179992000347
0.9693877551020408,0.9922104307343496,0.9966906564403023,0.9968528596546966
0.9704081632653061,1.0101084580949393,0.9969471948381127,0.9967877201093587
0.9714285714285714,1.0026760952710037,0.9974123588871049,0.9967225805640206
0.9724489795918367,0.9856263039241946,0.9974438730684995,0.9966574410186826
0.9734693877551021,1.005895381838515,0.9977933488035461,0.9965923014733445
0.9744897959183674,0.9879145272223826,0.9969371120372308,0.9965271619280065
0.9755102040816327,1.0043806353651568,0.9972698115911228,0.9964620223826685
0.976530612244898,0.9975707764187112,0.9990226554468128,0.9963968828373304
0.9775510204081632,1.003053961262105,0.9992807230132383,0.9963317432919924
0.9785714285714285,1.0057321413717215,0.9987077323296178,0.9962666037466543
0.9795918367346939,0.9881126894702914,0.9990803640582153,0.9962014642013163
0.9806122448979592,0.9849763558092789,0.9981770306450707,0.9961363246559782
0.9816326530612245,0.9957065074694025,0.998647156311846,0.9960711851106402
0.9826530612244898,1.0099790289203854,0.9984971616584315,0.9960060455653023
0.9836734693877551,0.9970389891898332,0.998193645793139,0.9959409060199642
0.9846938775510204,1.0101711359950751,0.9986367344248548,0.9958757664746262
0.9857142857142858,0.9860221501540261,0.9976495370829371,0.9958106269292881
0.986734693877551,0.9994246487207578,0.998146143156161,0.9957454873839501
0.9877551020408163,1.0208357563975021,0.9976781588924126,0.995680347838612
0.9887755102040816,0.9934897348893503,0.9975471685134412,0.995615208293274
0.9897959183673469,0.9915349974237415,0.9971777787934524,0.995550068747936
0.9908163265306122,0.9990906795503669,0.9966919464600023,0.9954849292025979
0.9918367346938776,0.986520319343534,0.996972177252701,0.9954197896572599
0.9928571428571429,1.0030233210701816,0.9973887703784874,0.9953546501119218
0.9938775510204082,1.0066585810664073,0.9973388351712249,0.9952895105665838
0.9948979591836735,0.9956952303692804,0.99666835555305,0.9952243710212458
0.9959183673469387,0.9958173424536546,0.9965604863579426,0.9951592314759078
0.996938775510204,0.9831898429744104,0.9958816542582597,0.9950940919305697
0.9979591836734694,0.99933646690653,0.9962527780647091,0.9950289523852317
0.9989795918367347,0.993616997298942,0.9960411845421703,0.9949638128398937
1.0,0.9945579977023645,0.9948986732945556,0.9948986732945556
